Workbook

Sheet Guide
A1: Образец: Прогноз vs Факт (WAPE)
A3: Листы:
A4: 1) Forecast: вставьте/замените значения прогноза (колонки B..).
A5: 2) Fact: вставьте фактические значения. В образце факт строится из Forecast через Assumptions.
A6: 3) WAPE: общий WAPE (только формулы).
A7: 4) Assumptions: коэффициенты для генерации факта (только для образца).
A8: 5) Charts: пример графика (Forecast vs Fact для строки 2).
A10: Как использовать с реальными данными:
A11: A) Импортируйте CSV с разделителем ";" и UTF-8 (см. RU инструкцию).
A12: B) Вставьте прогноз на лист Forecast (сохраняя заголовки).
A13: C) Вставьте факт на лист Fact поверх формул (Вставка -> Значения).
A14: D) Проверьте колонку Match_Check на листе Forecast (OK/MISSING).
... A22: Примечание: Excel хранит формулы на английском (SUM, IF) — это нормально.

Sheet Charts
A20: Chart uses Forecast row 2 / Fact row 2. Update chart ranges to compare other sites.

Sheet Forecast
A1: Код КП | B1: 1 | C1: 2 | D1: 3 | E1: 4 | F1: 5 | G1: Fact_Sum | H1: Abs_Error | I1: WAPE | J1: Match_Check
A2: 38100000 | B2: 0.11071429 | C2: 0.22142857 | D2: 0.32857143 | E2: 0.43928571 | F2: 0.55 | G2: =SUM(Fact!B2:F2) -> 1.518 | H2: =SUMPRODUCT(ABS(Forecast!B2:F2 - Fact!B2:F2)) -> 0.132 | I2: =IF(G2=0, "", H2/G2) -> 0.086956522 | J2: =IF(COUNTIF(Fact!$A:$A, $A2)=1, "OK", "MISSING") -> OK
A3: 38100001 | B3: 0.98214286 | C3: 1.4884921 | D3: 1.9948413 | E3: 2.5011905 | F3: 3.0075397 | G3: =SUM(Fact!B3:F3) -> 9.475496 | H3: =SUMPRODUCT(ABS(Forecast!B3:F3 - Fact!B3:F3)) -> 0.49871032 | I3: =IF(G3=0, "", H3/G3) -> 0.052631579 | J3: =IF(COUNTIF(Fact!$A:$A, $A3)=1, "OK", "MISSING") -> OK
A4: 38100002 | B4: 12.21317 | C4: 26.013765 | D4: 35.258805 | E4: 44.927455 | F4: 62.943328 | G4: =SUM(Fact!B4:F4) -> 186.79722 | H4: =SUMPRODUCT(ABS(Forecast!B4:F4 - Fact!B4:F4)) -> 5.4406957 | I4: =IF(G4=0, "", H4/G4) -> 0.029126214 | J4: =IF(COUNTIF(Fact!$A:$A, $A4)=1, "OK", "MISSING") -> OK
A5: 38100003 | B5: 2.34375 | C5: 4.6875 | D5: 6.9375 | E5: 8.9296875 | F5: 10.921875 | G5: =SUM(Fact!B5:F5) -> 29.761875 | H5: =SUMPRODUCT(ABS(Forecast!B5:F5 - Fact!B5:F5)) -> 4.0584375 | I5: =IF(G5=0, "", H5/G5) -> 0.13636364 | J5: =IF(COUNTIF(Fact!$A:$A, $A5)=1, "OK", "MISSING") -> OK
A6: 38100005 | B6: 0.97098214 | C6: 1.9419643 | D6: 2.8909439 | E6: 3.7447385 | F6: 4.5985332 | G6: =SUM(Fact!B6:F6) -> 14.85452 | H6: =SUMPRODUCT(ABS(Forecast!B6:F6 - Fact!B6:F6)) -> 0.7073581 | I6: =IF(G6=0, "", H6/G6) -> 0.047619048 | J6: =IF(COUNTIF(Fact!$A:$A, $A6)=1, "OK", "MISSING") -> OK

Sheet Fact
A1: Код КП | B1: 1 | C1: 2 | D1: 3 | E1: 4 | F1: 5
A2: 38100000 | B2: =IFERROR(IF(Forecast!B2="", "", Forecast!B2*VLOOKUP($A2,Assumptions!$A:$B,2,FALSE())), "") -> 0.10185714 | C2: =IFERROR(IF(Forecast!C2="", "", Forecast!C2*VLOOKUP($A2,Assumptions!$A:$B,2,FALSE())), "") -> 0.20371429 | D2: =IFERROR(IF(Forecast!D2="", "", Forecast!D2*VLOOKUP($A2,Assumptions!$A:$B,2,FALSE())), "") -> 0.30228571 | E2: =IFERROR(IF(Forecast!E2="", "", Forecast!E2*VLOOKUP($A2,Assumptions!$A:$B,2,FALSE())), "") -> 0.40414286 | F2: =IFERROR(IF(Forecast!F2="", "", Forecast!F2*VLOOKUP($A2,Assumptions!$A:$B,2,FALSE())), "") -> 0.506
A3: 38100001 | B3: =IFERROR(IF(Forecast!B3="", "", Forecast!B3*VLOOKUP($A3,Assumptions!$A:$B,2,FALSE())), "") -> 0.93303571 | C3: =IFERROR(IF(Forecast!C3="", "", Forecast!C3*VLOOKUP($A3,Assumptions!$A:$B,2,FALSE())), "") -> 1.4140675 | D3: =IFERROR(IF(Forecast!D3="", "", Forecast!D3*VLOOKUP($A3,Assumptions!$A:$B,2,FALSE())), "") -> 1.8950992 | E3: =IFERROR(IF(Forecast!E3="", "", Forecast!E3*VLOOKUP($A3,Assumptions!$A:$B,2,FALSE())), "") -> 2.376131 | F3: =IFERROR(IF(Forecast!F3="", "", Forecast!F3*VLOOKUP($A3,Assumptions!$A:$B,2,FALSE())), "") -> 2.8571627
A4: 38100002 | B4: =IFERROR(IF(Forecast!B4="", "", Forecast!B4*VLOOKUP($A4,Assumptions!$A:$B,2,FALSE())), "") -> 12.579565 | C4: =IFERROR(IF(Forecast!C4="", "", Forecast!C4*VLOOKUP($A4,Assumptions!$A:$B,2,FALSE())), "") -> 26.794178 | D4: =IFERROR(IF(Forecast!D4="", "", Forecast!D4*VLOOKUP($A4,Assumptions!$A:$B,2,FALSE())), "") -> 36.316569 | E4: =IFERROR(IF(Forecast!E4="", "", Forecast!E4*VLOOKUP($A4,Assumptions!$A:$B,2,FALSE())), "") -> 46.275279 | F4: =IFERROR(IF(Forecast!F4="", "", Forecast!F4*VLOOKUP($A4,Assumptions!$A:$B,2,FALSE())), "") -> 64.831628
A5: 38100003 | B5: =IFERROR(IF(Forecast!B5="", "", Forecast!B5*VLOOKUP($A5,Assumptions!$A:$B,2,FALSE())), "") -> 2.0625 | C5: =IFERROR(IF(Forecast!C5="", "", Forecast!C5*VLOOKUP($A5,Assumptions!$A:$B,2,FALSE())), "") -> 4.125 | D5: =IFERROR(IF(Forecast!D5="", "", Forecast!D5*VLOOKUP($A5,Assumptions!$A:$B,2,FALSE())), "") -> 6.105 | E5: =IFERROR(IF(Forecast!E5="", "", Forecast!E5*VLOOKUP($A5,Assumptions!$A:$B,2,FALSE())), "") -> 7.858125 | F5: =IFERROR(IF(Forecast!F5="", "", Forecast!F5*VLOOKUP($A5,Assumptions!$A:$B,2,FALSE())), "") -> 9.61125
A6: 38100005 | B6: =IFERROR(IF(Forecast!B6="", "", Forecast!B6*VLOOKUP($A6,Assumptions!$A:$B,2,FALSE())), "") -> 1.0195312 | C6: =IFERROR(IF(Forecast!C6="", "", Forecast!C6*VLOOKUP($A6,Assumptions!$A:$B,2,FALSE())), "") -> 2.0390625 | D6: =IFERROR(IF(Forecast!D6="", "", Forecast!D6*VLOOKUP($A6,Assumptions!$A:$B,2,FALSE())), "") -> 3.0354911 | E6: =IFERROR(IF(Forecast!E6="", "", Forecast!E6*VLOOKUP($A6,Assumptions!$A:$B,2,FALSE())), "") -> 3.9319754 | F6: =IFERROR(IF(Forecast!F6="", "", Forecast!F6*VLOOKUP($A6,Assumptions!$A:$B,2,FALSE())), "") -> 4.8284598

Sheet WAPE
A1: Metric | B1: Value
A2: Fact_Sum | B2: =SUM(Fact!B2:F6) -> 242.40711
A3: Abs_Error | B3: =SUMPRODUCT(ABS(Forecast!B2:F6 - Fact!B2:F6)) -> 10.837202
A4: WAPE | B4: =IF(B2=0, "", B3/B2) -> 0.044706616
A6: Source: forecast_jun_dec_2025.csv sample subset; generated 2025-12-31

Sheet Assumptions
A1: Код КП | B1: Factor
A2: 38100000 | B2: 0.92
A3: 38100001 | B3: 0.95
A4: 38100002 | B4: 1.03
A5: 38100003 | B5: 0.88
A6: 38100005 | B6: 1.05
